name;team;position;age;fantasycalcId;sleeperId;mflId;value;overallRank;positionRank;trend30day
"Josh Allen";"BUF";"QB";30.1;6170;"4984";"13589";10280;1;1;98
"Ja'Marr Chase";"CIN";"WR";26.3;5856;"7564";"15281";10001;2;1;163
"Bijan Robinson";"ATL";"RB";24.4;9833;"9509";"16161";9979;3;1;-439
"Jahmyr Gibbs";"DET";"RB";24.3;9821;"9221";"16162";9817;4;2;27
"Jaxon Smith-Njigba";"SEA";"WR";24.4;9924;"9488";"16185";9051;5;2;-152
"Drake Maye";"NE";"QB";23.8;11696;"11564";"16580";8738;6;2;-91
"Puka Nacua";"LAR";"WR";25.1;9822;"9493";"16211";8607;7;3;18
"Brock Bowers";"LV";"TE";23.5;11702;"11604";"16641";7933;8;1;310
"Amon-Ra St. Brown";"DET";"WR";26.7;1527;"7547";"15287";7308;9;4;37
"Caleb Williams";"CHI";"QB";24.6;11708;"11560";"16579";7225;10;3;112
"Jayden Daniels";"WAS";"QB";25.5;11701;"11566";"16581";7159;11;4;75
"Lamar Jackson";"BAL";"QB";29.5;3101;"4881";"13593";7104;12;5;-94
"Ashton Jeanty";"LV";"RB";22.6;12612;"12527";"17042";7090;13;3;137
"Justin Jefferson";"MIN";"WR";27;7569;"6794";"14836";6919;14;5;-101
"Joe Burrow";"CIN";"QB";29.6;1002;"6770";"14777";6836;15;6;29
"2026 Pick 1.01";"null";"PICK";"null";16523;"DP_0_0";"DP_0_0";6787;16;1;-109
"Trey McBride";"ARI";"TE";26.6;7325;"8130";"15794";6746;16;2;-122
"Jeremiyah Love";"ARI";"RB";21.1;13485;"13287";"17472";6658;17;4;15
"Malik Nabers";"NYG";"WR";22.9;11737;"11632";"16615";6537;18;6;-400
"CeeDee Lamb";"DAL";"WR";27.2;4835;"6786";"14832";6506;19;7;163
"Justin Herbert";"LAC";"QB";28.3;8448;"6797";"14779";5980;20;7;277
"Omarion Hampton";"LAC";"RB";23.3;12573;"12507";"17044";5975;21;5;320
"Drake London";"ATL";"WR";24.9;998;"8112";"15751";5863;22;8;-51
"De'Von Achane";"MIA";"RB";24.7;9969;"9226";"16167";5809;23;6;-122
"Patrick Mahomes";"KC";"QB";30.8;880;"4046";"13116";5791;24;8;164
"Jalen Hurts";"PHI";"QB";27.9;6407;"6904";"14783";5479;25;9;-196
"Jaxson Dart";"NYG";"QB";23.1;12609;"12508";"17032";5382;26;10;-84
"Jonathan Taylor";"IND";"RB";27.4;3046;"6813";"14802";5350;27;7;-14
"Colston Loveland";"CHI";"TE";22.2;12578;"12517";"17104";5106;28;3;-130
"Trevor Lawrence";"JAX";"QB";26.7;1086;"7523";"15237";5100;29;11;-47
"James Cook";"BUF";"RB";26.8;182;"8138";"15715";5014;30;8;69
"Tetairoa McMillan";"CAR";"WR";23.2;12635;"12526";"17071";4977;31;9;-78
"Bo Nix";"DEN";"QB";26.3;11728;"11563";"16582";4723;32;12;-333
"Tyler Warren";"IND";"TE";24.1;12592;"12518";"17102";4561;33;4;-55
"George Pickens";"DAL";"WR";25.3;1436;"8137";"15762";4496;34;10;-47
"2026 Pick 1.02";"null";"PICK";"null";16524;"DP_0_1";"DP_0_1";4448;35;2;-102
"Brock Purdy";"SF";"QB";26.5;5570;"8183";"15698";4401;35;13;-186
"Carnell Tate";"TEN";"WR";21.4;13483;"13279";"17497";4309;36;11;-74
"Emeka Egbuka";"TB";"WR";23.7;12595;"12514";"17081";4243;37;12;-245
"Nico Collins";"HOU";"WR";27.3;5030;"7569";"15290";4181;38;13;-112
"2026 Pick 1.03";"null";"PICK";"null";16525;"DP_0_2";"DP_0_2";4105;39;3;-61
"Dak Prescott";"DAL";"QB";32.9;6637;"3294";"12620";4105;39;14;-69
"Christian McCaffrey";"SF";"RB";30.1;5494;"4034";"13130";4084;40;9;-86
"Fernando Mendoza";"LV";"QB";22.7;13497;"13269";"17462";4065;41;15;-106
"Jordan Love";"GB";"QB";27.7;3651;"6804";"14782";4055;42;16;74
"Garrett Wilson";"NYJ";"WR";25.9;6813;"8146";"15753";4052;43;14;-121
"Quinshon Judkins";"CLE";"RB";22.7;12632;"12512";"17051";4049;44;10;174
"Kenneth Walker";"KC";"RB";25.7;1749;"8151";"15711";3986;45;11;-189
"Saquon Barkley";"PHI";"RB";29.4;7257;"4866";"13604";3964;46;12;299
"Ladd McConkey";"LAC";"WR";24.6;11766;"11635";"16627";3927;47;15;37
"Breece Hall";"NYJ";"RB";25.1;4576;"8155";"15708";3904;48;13;-147
"TreVeyon Henderson";"NE";"RB";23.7;12580;"12529";"17043";3894;49;14;241
"Chase Brown";"CIN";"RB";26.3;9967;"9224";"16181";3836;50;15;81
"Cam Ward";"TEN";"QB";24.1;12603;"12522";"17030";3816;51;17;-250
"Chris Olave";"NO";"WR";26;2548;"8144";"15754";3806;52;16;-89
"A.J. Brown";"NE";"WR";29;4118;"5859";"14104";3762;53;17;-208
"2026 Pick 1.04";"null";"PICK";"null";16526;"DP_0_3";"DP_0_3";3738;54;4;-101
"Rashee Rice";"KC";"WR";26.2;9929;"10229";"16194";3581;54;18;132
"2026 Pick 1.05";"null";"PICK";"null";16527;"DP_0_4";"DP_0_4";3545;55;5;-67
"Kyren Williams";"LAR";"RB";25.8;7315;"8150";"15710";3540;55;16;133
"Jordyn Tyson";"NO";"WR";21.9;13498;"13281";"17498";3528;56;19;-233
"Luther Burden";"CHI";"WR";22.6;12590;"12519";"17070";3525;57;20;-109
"DeVonta Smith";"PHI";"WR";27.6;6635;"7525";"15282";3468;58;21;-6
"C.J. Stroud";"HOU";"QB";24.7;9838;"9758";"16150";3467;59;18;47
"Zay Flowers";"BAL";"WR";25.8;9930;"9997";"16190";3433;60;22;-87
"Jared Goff";"DET";"QB";31.7;8587;"3163";"12611";3432;61;19;295
"Rome Odunze";"CHI";"WR";24.1;11763;"11620";"16616";3415;62;23;-207
"Tucker Kraft";"GB";"TE";25.7;9824;"9484";"16222";3412;63;5;62
"Marvin Harrison Jr";"ARI";"WR";23.9;11734;"11628";"16614";3398;64;24;-13
"Cam Skattebo";"NYG";"RB";24.4;12643;"12481";"17045";3321;65;17;123
"Tee Higgins";"CIN";"WR";27.5;5531;"6801";"14835";3315;66;25;27
"2026 Pick 1.06";"null";"PICK";"null";16528;"DP_0_5";"DP_0_5";3308;67;6;-48
"Makai Lemon";"PHI";"WR";22.1;13550;"13294";"17499";3308;67;26;-264
"Jadarian Price";"SEA";"RB";22.7;13467;"13286";"17473";3288;68;18;-141
"Brian Thomas";"JAX";"WR";23.7;11726;"11631";"16618";3288;69;27;51
"Jaylen Waddle";"DEN";"WR";27.6;1409;"7526";"15284";3221;70;28;169
"Harold Fannin";"CLE";"TE";21.9;12659;"12506";"17103";3195;71;6;-136
"Tyler Shough";"NO";"QB";26.8;12686;"12545";"17039";3186;72;20;-166
"Bucky Irving";"TB";"RB";23.9;11779;"11584";"16598";3134;73;19;-74
"2026 1st";"null";"PICK";"null";9662;"FP_2026_1";"FP_2026_1";3121;74;7;-71
"Baker Mayfield";"TB";"QB";31.2;2737;"4892";"13590";3029;74;21;-297
"Javonte Williams";"DAL";"RB";26.2;6963;"7588";"15256";2998;75;20;-75
"Derrick Henry";"BAL";"RB";32.5;5421;"3198";"12626";2968;76;21;272
"2026 Pick 1.07";"null";"PICK";"null";16529;"DP_0_6";"DP_0_6";2934;77;8;-93
"Sam LaPorta";"DET";"TE";25.5;9843;"10859";"16214";2892;77;7;-120
"2027 1st";"null";"PICK";"null";9692;"FP_2027_1";"FP_2027_1";2884;78;9;-113
"Kyler Murray";"MIN";"QB";28.9;3544;"5849";"14056";2877;78;22;8
"Kyle Pitts";"ATL";"TE";25.7;280;"7553";"15329";2871;79;8;-95
"Jameson Williams";"DET";"WR";25.3;1100;"8148";"15756";2839;80;29;-109
"Travis Etienne";"NO";"RB";27.4;3156;"7543";"15253";2825;81;22;54
"Sam Darnold";"SEA";"QB";29.1;8007;"4943";"13592";2811;82;23;-165
"KC Concepcion";"CLE";"WR";21.8;13544;"13298";"17501";2810;83;30;-84
"Kenyon Sadiq";"NYJ";"TE";21.3;13446;"13330";"17543";2730;84;9;-84
"2026 Pick 1.08";"null";"PICK";"null";16530;"DP_0_7";"DP_0_7";2729;85;10;-53
"Josh Jacobs";"GB";"RB";28.4;1326;"5850";"14073";2726;85;23;27
"2026 Pick 1.09";"null";"PICK";"null";16531;"DP_0_8";"DP_0_8";2689;86;11;-34
"Bryce Young";"CAR";"QB";24.9;9944;"9228";"16148";2682;86;24;-56
"Matthew Stafford";"LAR";"QB";38.4;3611;"421";"9431";2590;87;25;-110
"2026 Pick 1.10";"null";"PICK";"null";16532;"DP_0_9";"DP_0_9";2530;88;12;-30
"Malik Willis";"MIA";"QB";27.1;6888;"8161";"15694";2448;88;26;-150
"Ty Simpson";"LAR";"QB";23.5;13495;"13275";"17463";2406;89;27;-128
"Daniel Jones";"IND";"QB";29.1;5;"5870";"14059";2392;90;28;-179
"2026 Pick 1.11";"null";"PICK";"null";16533;"DP_0_10";"DP_0_10";2389;91;13;-26
"Bhayshul Tuten";"JAX";"RB";23.4;12620;"12490";"17052";2350;91;24;95
"Omar Cooper";"NYJ";"WR";22.5;13500;"13276";"17502";2339;92;31;-88
"Eli Stowers";"PHI";"TE";23.2;13445;"13349";"17544";2293;93;10;-61
"2026 Pick 1.12";"null";"PICK";"null";16534;"DP_0_11";"DP_0_11";2263;94;14;-23
"David Montgomery";"HOU";"RB";29.1;7515;"5892";"14071";2251;94;25;182
"Alec Pierce";"IND";"WR";26.2;5433;"8142";"15768";2234;95;32;96
"Denzel Boston";"CLE";"WR";22.6;13521;"13346";"17500";2178;96;33;-90
"2026 Pick 2.01";"null";"PICK";"null";16553;"DP_1_0";"DP_1_0";2149;97;15;-21
"D'Andre Swift";"CHI";"RB";27.5;1574;"6790";"14797";2146;97;26;23
"2028 1st";"null";"PICK";"null";9722;"FP_2028_1";"FP_2028_1";2129;98;16;-47
"Christian Watson";"GB";"WR";27.1;5981;"8167";"15789";2112;98;34;-35
"Jordan Addison";"MIN";"WR";24.4;9847;"9756";"16186";2100;99;35;-198
"Parker Washington";"JAX";"WR";24.3;9894;"9487";"16192";2099;100;36;-61
"Mike Evans";"SF";"WR";32.9;7495;"2216";"11671";2078;101;37;159
"DJ Moore";"BUF";"WR";29.2;6110;"4983";"13635";2064;102;38;-248
"2026 Pick 2.02";"null";"PICK";"null";16554;"DP_1_1";"DP_1_1";2047;103;17;-18
"Terry McLaurin";"WAS";"WR";30.8;4864;"5927";"14109";2042;103;39;-70
"George Kittle";"SF";"TE";32.7;5709;"4217";"13299";2016;104;11;-54
"Oronde Gadsden";"LAC";"TE";23;12576;"12493";"17099";1999;105;12;-20
"Matthew Golden";"GB";"WR";22.9;12672;"12501";"17075";1989;106;40;-50
"Jake Ferguson";"DAL";"TE";27.5;6785;"8110";"15799";1987;107;13;82
"Travis Hunter";"JAX";"WR";23.1;12617;"12530";"17074";1981;108;41;-60
"Jonah Coleman";"DEN";"RB";22.9;13522;"13345";"17477";1964;109;27;-130
"2026 Pick 2.03";"null";"PICK";"null";16555;"DP_1_2";"DP_1_2";1953;110;18;-17
"Davante Adams";"LAR";"WR";33.5;1503;"2133";"11675";1952;110;42;-179
"Michael Wilson";"ARI";"WR";26.4;9952;"10232";"16206";1947;111;43;-43
"2029 1st";"null";"PICK";"null";9752;"FP_2029_1";"FP_2029_1";1930;112;19;-95
"Quentin Johnston";"LAC";"WR";24.8;9879;"9754";"16188";1929;112;44;127
"Isaiah Likely";"NYG";"TE";26.2;7402;"8131";"15798";1919;113;14;-63
"Dalton Kincaid";"BUF";"TE";26.7;9819;"10236";"16213";1916;114;15;51
"Wan'Dale Robinson";"TEN";"WR";25.5;4091;"8126";"15757";1897;115;45;-48
"Chuba Hubbard";"CAR";"RB";27.1;183;"7594";"15261";1891;116;28;-38
"Jayden Higgins";"HOU";"WR";23.5;12652;"12484";"17083";1880;117;46;155
"Ricky Pearsall";"SF";"WR";25.8;11752;"11638";"16622";1874;118;47;-96
"2026 Pick 2.04";"null";"PICK";"null";16556;"DP_1_3";"DP_1_3";1868;119;20;-15
"DK Metcalf";"PIT";"WR";28.5;5240;"5846";"14102";1866;119;48;-263
"Xavier Worthy";"KC";"WR";23.2;11736;"11624";"16620";1865;120;49;-61
"Josh Downs";"IND";"WR";24.9;9936;"9500";"16187";1865;121;50;-92
"Jaylen Warren";"PIT";"RB";27.7;6285;"8228";"15742";1856;122;29;121
"Kyle Monangai";"CHI";"RB";24.1;12711;"12534";"17066";1850;123;30;-9
"Michael Penix";"ATL";"QB";26.1;11739;"11559";"16583";1844;124;29;19
"RJ Harvey";"DEN";"RB";25.4;12601;"12489";"17068";1826;125;31;-112
"Jonathon Brooks";"CAR";"RB";22.9;11725;"11583";"16597";1802;126;32;29
"2026 Pick 2.05";"null";"PICK";"null";16557;"DP_1_4";"DP_1_4";1790;127;21;-14
"Michael Pittman";"PIT";"WR";28.7;8259;"6819";"14842";1786;127;51;-22
"Nicholas Singleton";"TEN";"RB";22.5;13515;"13288";"17476";1776;128;33;-66
"Antonio Williams";"WAS";"WR";22;13422;"13301";"17512";1776;129;52;-3
"Jayden Reed";"GB";"WR";26.2;9863;"10222";"16184";1768;130;53;-115
"Mark Andrews";"BAL";"TE";30.8;4519;"5012";"13671";1723;131;16;154
"2026 Pick 2.06";"null";"PICK";"null";16558;"DP_1_5";"DP_1_5";1718;132;22;-13
"J.J. McCarthy";"MIN";"QB";23.4;11740;"11565";"16584";1697;132;30;-16
"Blake Corum";"LAR";"RB";25.6;11747;"11586";"16593";1690;133;34;-1
"2026 2nd";"null";"PICK";"null";9663;"FP_2026_2";"FP_2026_2";1685;134;23;-12
"Germie Bernard";"PIT";"WR";22.6;13516;"13274";"17503";1678;134;54;-92
"Courtland Sutton";"DEN";"WR";30.7;818;"5045";"13630";1669;135;55;-123
"Brenton Strange";"JAX";"TE";25.5;9948;"9480";"16269";1659;136;17;82
"Zach Charbonnet";"SEA";"RB";25.5;9921;"9753";"16169";1656;137;35;-178
"2026 Pick 2.07";"null";"PICK";"null";16559;"DP_1_6";"DP_1_6";1652;138;24;-12
"Tua Tagovailoa";"ATL";"QB";28.3;6092;"6768";"14778";1633;138;31;-65
"Kenneth Gainwell";"TB";"RB";27.3;4476;"7567";"15255";1631;139;36;1
"Shedeur Sanders";"CLE";"QB";24.4;12587;"12524";"17031";1614;140;32;54
"2026 Pick 2.08";"null";"PICK";"null";16560;"DP_1_7";"DP_1_7";1591;141;25;-10
"Jacory Croskey-Merritt";"WAS";"RB";25.2;12697;"12533";"17256";1579;141;37;11
"Chris Bell";"MIA";"WR";22.1;13453;"13311";"17506";1574;142;56;-80
"Chig Okonkwo";"WAS";"TE";26.8;722;"8210";"15889";1571;143;18;-30
"Travis Kelce";"KC";"TE";36.7;2204;"1466";"11244";1556;144;19;-56
"Rhamondre Stevenson";"NE";"RB";28.4;4294;"7611";"15259";1550;145;38;-62
"Rachaad White";"WAS";"RB";27.5;2187;"8136";"15721";1543;146;39;44
"Jalen Coker";"CAR";"WR";24.7;11783;"11646";"16809";1540;147;57;95
"Rico Dowdle";"PIT";"RB";28;1465;"7021";"14823";1535;148;40;-160
"2026 Pick 2.09";"null";"PICK";"null";16561;"DP_1_8";"DP_1_8";1534;149;26;-9
"Tony Pollard";"TEN";"RB";29.2;407;"5967";"14085";1532;149;41;-65
"J.K. Dobbins";"DEN";"RB";27.5;5149;"6806";"14800";1519;150;42;15
"AJ Barner";"SEA";"TE";24.2;11720;"11603";"16723";1517;151;20;111
"Chris Godwin";"TB";"WR";30.3;2505;"4037";"13163";1509;152;58;2
"Geno Smith";"NYJ";"QB";35.7;6305;"1373";"11150";1507;153;33;-53
"2027 2nd";"null";"PICK";"null";9693;"FP_2027_2";"FP_2027_2";1504;154;27;-57
"Romeo Doubs";"NE";"WR";26.2;2419;"8121";"15779";1502;154;59;-129
"T.J. Hockenson";"MIN";"TE";29;8215;"5844";"14138";1500;155;21;-35
"Jakobi Meyers";"JAX";"WR";29.6;2463;"5947";"14127";1494;156;60;-137
"De'Zhaun Stribling";"SF";"WR";23.5;13586;"13417";"17514";1489;157;61;-59
"2026 Pick 2.10";"null";"PICK";"null";16562;"DP_1_9";"DP_1_9";1481;158;28;-9
"2026 Pick 2.11";"null";"PICK";"null";16563;"DP_1_10";"DP_1_10";1431;158;29;-9
"Jalen McMillan";"TB";"WR";24.6;11754;"11618";"16628";1424;158;62;-2
"Zachariah Branch";"ATL";"WR";22.3;13496;"13320";"17507";1415;159;63;-84
"Gunnar Helm";"TEN";"TE";23.8;12640;"12502";"17105";1415;160;22;-6
"Tyrone Tracy";"NYG";"RB";26.6;12123;"11655";"16747";1415;161;43;60
"Khalil Shakir";"BUF";"WR";26.4;8607;"8134";"15761";1410;162;64;-62
"Aaron Rodgers";"PIT";"QB";42.6;715;"96";"7836";1397;163;34;122
"Dylan Sampson";"CLE";"RB";21.8;12638;"12469";"17047";1390;164;44;102
"Jacoby Brissett";"ARI";"QB";33.6;2042;"3257";"12616";1387;165;35;-186
"Brandon Aiyuk";"SF";"WR";28.3;6429;"6803";"14840";1386;166;65;112
"2026 Pick 2.12";"null";"PICK";"null";16564;"DP_1_11";"DP_1_11";1385;167;30;-8
"Malachi Fields";"NYG";"WR";22.8;13475;"13285";"17511";1381;167;66;-82
"Dallas Goedert";"PHI";"TE";31.5;5988;"5022";"13674";1377;168;23;30
"Tyler Allgeier";"ARI";"RB";26.2;6408;"8132";"15712";1344;169;45;-109
"2026 Pick 3.01";"null";"PICK";"null";16583;"DP_2_0";"DP_2_0";1342;170;31;-7
"Elijah Sarratt";"BAL";"WR";23.1;13435;"13268";"17505";1337;170;67;-21
"Tre' Harris";"LAC";"WR";24.3;12593;"12509";"17072";1333;171;68;35
"Rashid Shaheed";"SEA";"WR";27.8;2354;"8676";"16080";1324;172;69;53
"Woody Marks";"HOU";"RB";25.5;12599;"12474";"17053";1312;173;46;-6
"Tank Bigsby";"PHI";"RB";23.8;9925;"9225";"16164";1312;174;47;112
"2028 2nd";"null";"PICK";"null";9723;"FP_2028_2";"FP_2028_2";1309;175;32;-55
"2026 Pick 3.02";"null";"PICK";"null";16584;"DP_2_1";"DP_2_1";1301;175;33;-6
"Aaron Jones";"MIN";"RB";31.6;2382;"4199";"13319";1301;175;48;-12
"Stefon Diggs";"null";"WR";32.6;3214;"2449";"12186";1297;176;70;-25
"Deshaun Watson";"CLE";"QB";30.8;3568;"4017";"13113";1295;177;36;-9
"Jordan Mason";"MIN";"RB";27.1;5469;"8408";"15972";1289;178;49;-59
"Emmett Johnson";"KC";"RB";22.7;13503;"13337";"17474";1284;179;50;-97
"Adonai Mitchell";"NYJ";"WR";23.7;11711;"11625";"16626";1272;180;71;423
"2026 Pick 3.03";"null";"PICK";"null";16585;"DP_2_2";"DP_2_2";1263;181;34;-6
"Keaton Mitchell";"LAC";"RB";24.5;9982;"9511";"16178";1250;181;51;17
"Chris Rodriguez";"JAX";"RB";26.8;9831;"10219";"16174";1234;182;52;-87
"Juwan Johnson";"NO";"TE";29.8;5552;"7002";"14861";1234;183;24;-17
"2029 2nd";"null";"PICK";"null";9753;"FP_2029_2";"FP_2029_2";1233;184;35;-43
"Carson Beck";"ARI";"QB";23.6;13448;"13272";"17466";1232;184;37;-22
"Hunter Henry";"NE";"TE";31.6;675;"3214";"12676";1232;185;25;-59
"Mac Jones";"SF";"QB";27.8;6814;"7527";"15241";1228;186;38;-23
"2026 Pick 3.04";"null";"PICK";"null";16586;"DP_2_3";"DP_2_3";1227;187;36;-5
"Jaylin Noel";"HOU";"WR";23.8;12710;"12536";"17080";1227;187;72;3
"Terrance Ferguson";"LAR";"TE";23.3;12596;"12487";"17107";1227;188;26;23
"Isiah Pacheco";"DET";"RB";27.3;3777;"8205";"15749";1226;189;53;-32
"Tank Dell";"HOU";"WR";26.7;9950;"9502";"16204";1210;190;73;43
"Mike Washington";"LV";"RB";23;13517;"13305";"17482";1201;191;54;-23
"Dalton Schultz";"HOU";"TE";30;4655;"5001";"13772";1200;192;27;112
"Braelon Allen";"NYJ";"RB";22.4;11748;"11576";"16596";1193;193;55;-58
"2026 Pick 3.05";"null";"PICK";"null";16587;"DP_2_4";"DP_2_4";1192;194;37;-6
"Jalen Nailor";"LV";"WR";27.3;3629;"8180";"15786";1188;194;74;-103
"Ted Hurst";"TB";"WR";22;13536;"13317";"17520";1187;195;75;-283
"Brian Robinson";"ATL";"RB";27.3;4174;"8154";"15716";1181;196;56;-99
"Alvin Kamara";"NO";"RB";30.9;4144;"4035";"13132";1176;197;57;-172
"Greg Dulcich";"MIA";"TE";26.3;3550;"8172";"15797";1168;198;28;140
"2026 Pick 3.06";"null";"PICK";"null";16588;"DP_2_5";"DP_2_5";1160;199;38;-5
"Jerry Jeudy";"CLE";"WR";27.2;2427;"6783";"14833";1157;199;76;-118
"2026 3rd";"null";"PICK";"null";9664;"FP_2026_3";"FP_2026_3";1145;200;39;-5
"Kaleb Johnson";"PIT";"RB";22.9;12598;"12504";"17048";1132;200;58;-54
"Malik Washington";"MIA";"WR";25.5;11770;"11610";"16684";1131;201;77;-10
"2026 Pick 3.07";"null";"PICK";"null";16589;"DP_2_6";"DP_2_6";1130;202;40;-4
"Skyler Bell";"BUF";"WR";24;13559;"13402";"17508";1129;202;78;112
"Keon Coleman";"BUF";"WR";23.1;11716;"11637";"16617";1127;203;79;-111
"David Njoku";"LAC";"TE";30;6513;"4033";"13192";1122;204;29;-135
"Kaytron Allen";"WAS";"RB";23.5;13556;"13405";"17478";1119;205;59;-82
"Isaac TeSlaa";"DET";"WR";24.4;12679;"12535";"17157";1114;206;80;-108
"Troy Franklin";"DEN";"WR";23.4;11738;"11627";"16619";1114;207;81;-7
"Kirk Cousins";"LV";"QB";37.9;536;"1166";"10700";1110;208;39;-63
"Jack Bech";"LV";"WR";23.5;12626;"12483";"17078";1109;209;82;-53
"Tre Tucker";"LV";"WR";25.3;9873;"10213";"16287";1106;210;83;73
"2026 Pick 3.08";"null";"PICK";"null";16590;"DP_2_7";"DP_2_7";1101;211;41;-4
"Tyjae Spears";"TEN";"RB";25;9817;"9508";"16165";1100;211;60;-130
"Tyreek Hill";"null";"WR";32.3;7958;"3321";"12801";1099;212;84;43
"Tory Horton";"SEA";"WR";23.6;12637;"12497";"17098";1091;213;85;-37
"Chris Brazzell";"CAR";"WR";22.8;13464;"13353";"17509";1085;214;86;-25
"Jauan Jennings";"MIN";"WR";29;2631;"7049";"14860";1082;215;87;-135
"MarShawn Lloyd";"GB";"RB";25.5;11729;"11581";"16604";1076;216;61;-126
"2026 Pick 3.09";"null";"PICK";"null";16591;"DP_2_8";"DP_2_8";1073;217;42;-4
"2027 3rd";"null";"PICK";"null";9694;"FP_2027_3";"FP_2027_3";1054;217;43;-27
"2026 Pick 3.10";"null";"PICK";"null";16592;"DP_2_9";"DP_2_9";1047;217;44;-4
"Justin Fields";"KC";"QB";27.3;7191;"7591";"15238";1046;217;40;-15
"Demond Claiborne";"MIN";"RB";22.7;13437;"13347";"17481";1045;218;62;-84
"Anthony Richardson";"IND";"QB";24.1;9951;"9229";"16152";1041;219;41;-115
"Pat Bryant";"DEN";"WR";23.6;12634;"12492";"17082";1027;220;88;52
"2026 Pick 3.11";"null";"PICK";"null";16593;"DP_2_10";"DP_2_10";1022;221;45;-3
"Mason Taylor";"NYJ";"TE";22.1;12642;"12498";"17106";1022;221;30;37
"Kaelon Black";"SF";"RB";24.7;13592;"13414";"17485";1011;222;63;-43
"Elic Ayomanor";"TEN";"WR";23.1;12623;"12499";"17073";1002;223;89;-29
"2026 Pick 3.12";"null";"PICK";"null";16594;"DP_2_11";"DP_2_11";998;224;46;-3
"Kimani Vidal";"LAC";"RB";24.8;11790;"11647";"16757";997;224;64;107
"Eli Raridon";"NE";"TE";22.4;13565;"13421";"17607";991;225;31;11
"Oscar Delp";"NO";"TE";22.9;13530;"13319";"17567";987;226;32;-44
"2026 Pick 4.01";"null";"PICK";"null";16613;"DP_3_0";"DP_3_0";975;227;47;-3
"Trey Benson";"ARI";"RB";23.9;11758;"11589";"16594";969;227;65;-88
"2029 3rd";"null";"PICK";"null";9754;"FP_2029_3";"FP_2029_3";967;228;48;-38
"Deebo Samuel";"null";"WR";30.5;2495;"5872";"14136";965;228;90;92
"2028 3rd";"null";"PICK";"null";9724;"FP_2028_3";"FP_2028_3";955;229;49;-55
"2026 Pick 4.02";"null";"PICK";"null";16614;"DP_3_1";"DP_3_1";954;229;50;-3
"Jaydon Blue";"DAL";"RB";22.5;12622;"12457";"17069";946;229;66;148
"Cade Otton";"TB";"TE";27.2;2021;"8111";"15802";946;230;33;-213
"Max Klare";"LAR";"TE";23;13527;"13278";"17547";939;231;34;-56
"Kayshon Boutte";"NE";"WR";24.2;9939;"9504";"16193";935;232;91;-229
"2026 Pick 4.03";"null";"PICK";"null";16615;"DP_3_2";"DP_3_2";933;233;51;-3
"Kyle Williams";"NE";"WR";23.6;12713;"12547";"17134";918;233;92;-89
"2026 Pick 4.04";"null";"PICK";"null";16616;"DP_3_3";"DP_3_3";913;234;52;-3
"2026 Pick 4.05";"null";"PICK";"null";16617;"DP_3_4";"DP_3_4";894;234;53;-2
"Chimere Dike";"TEN";"WR";24.5;12693;"12540";"17171";893;234;93;14
"Ja'Kobi Lane";"BAL";"WR";22.2;13523;"13293";"17517";891;235;94;-113
"Dontayvion Wicks";"PHI";"WR";25;9909;"9486";"16195";890;236;95;-43
"Michael Mayer";"LV";"TE";25;9931;"9482";"16212";882;237;35;147
"Drew Allar";"PIT";"QB";22.3;13538;"13289";"17468";880;238;42;-136
"2026 Pick 4.06";"null";"PICK";"null";16618;"DP_3_5";"DP_3_5";876;239;54;-2
"Cade Klubnik";"NYJ";"QB";22.7;13499;"13303";"17467";868;239;43;57
"2026 4th";"null";"PICK";"null";9665;"FP_2026_4";"FP_2026_4";867;240;55;-2
"2026 Pick 4.07";"null";"PICK";"null";16619;"DP_3_6";"DP_3_6";858;240;56;-2
"2026 Pick 4.08";"null";"PICK";"null";16620;"DP_3_7";"DP_3_7";841;240;57;-2
"Ollie Gordon";"MIA";"RB";22.5;12616;"12495";"17059";837;240;67;-22
"Elijah Arroyo";"SEA";"TE";23.2;12650;"12521";"17108";834;241;36;-93
"2027 4th";"null";"PICK";"null";9695;"FP_2027_4";"FP_2027_4";828;242;58;-26
"Calvin Ridley";"TEN";"WR";31.5;41;"4981";"13629";828;242;96;144
"2026 Pick 4.09";"null";"PICK";"null";16621;"DP_3_8";"DP_3_8";825;243;59;-2
"Pat Freiermuth";"PIT";"TE";27.7;2550;"7600";"15331";824;243;37;-10
"2029 4th";"null";"PICK";"null";9755;"FP_2029_4";"FP_2029_4";815;244;60;-15
"Justin Joly";"DEN";"TE";22;13552;"13400";"17548";815;244;38;-57
"2026 Pick 4.10";"null";"PICK";"null";16622;"DP_3_9";"DP_3_9";810;245;61;-1
"2028 4th";"null";"PICK";"null";9725;"FP_2028_4";"FP_2028_4";801;245;62;-23
"2026 Pick 4.11";"null";"PICK";"null";16623;"DP_3_10";"DP_3_10";795;245;63;-1
"2026 Pick 4.12";"null";"PICK";"null";16624;"DP_3_11";"DP_3_11";780;245;64;-2
"Ray Davis";"BUF";"RB";26.6;11699;"11575";"16603";775;245;68;107
"Ryan Flournoy";"DAL";"WR";26.7;11873;"11783";"16778";772;246;97;270
"Jaylen Wright";"MIA";"RB";23.2;11781;"11643";"16610";765;247;69;-90
"Jake Tonges";"SF";"TE";27;3676;"8698";"16036";757;248;39;-164
"Theo Johnson";"NYG";"TE";25.3;11749;"11597";"16649";753;249;40;117
"Jordan James";"SF";"RB";22.3;12657;"12467";"17055";749;250;70;-128
"Sean Tucker";"TB";"RB";24.7;9915;"9506";"16166";743;251;71;4
"Zavion Thomas";"CHI";"WR";22.4;13612;"13411";"17521";737;252;98;25
"DJ Giddens";"IND";"RB";22.8;12656;"12471";"17060";724;253;72;-7
"Caleb Douglas";"MIA";"WR";22.8;13451;"13296";"17599";723;254;99;57
"Adam Randall";"BAL";"RB";22;13417;"13302";"17652";723;255;73;-124
"Emanuel Wilson";"SEA";"RB";27.2;11422;"11435";"16432";714;256;74;-75
"Jalen Milroe";"SEA";"QB";23.5;12665;"12510";"17033";677;257;44;-163
"Isaiah Bond";"CLE";"WR";22.3;12655;"12503";"17076";661;258;100;177
"Bryce Lance";"NO";"WR";23.9;13604;"13420";"17519";651;259;101;-1
"Colby Parkinson";"LAR";"TE";27.5;6289;"6865";"14871";641;260;41;-10
"LeQuint Allen";"JAX";"RB";21.9;12714;"12544";"17061";612;261;75;-42
"Evan Engram";"DEN";"TE";31.8;3648;"4066";"13189";606;262;42;-144
"Cooper Kupp";"SEA";"WR";33;5586;"4039";"13164";593;263;102;-23
"James Conner";"ARI";"RB";31.2;7447;"4137";"13146";555;264;76;-267
"Eli Heidenreich";"PIT";"RB";23;13581;"13423";"17685";549;265;77;-89
"Ja'Tavion Sanders";"CAR";"TE";23.3;11714;"11600";"16643";538;266;43;58
"Darnell Mooney";"NYG";"WR";28.7;3901;"7090";"14974";536;267;103;-252
"Cyrus Allen";"KC";"WR";23.4;13605;"13413";"17518";534;268;104;-24
"Will Howard";"PIT";"QB";24.8;12619;"12511";"17036";530;269;45;46
"Taylen Green";"CLE";"QB";23.7;13535;"13306";"17657";518;270;46;23
"Marvin Mims";"DEN";"WR";24.3;9955;"9494";"16189";513;271;105;-20
"Cole Kmet";"CHI";"TE";27.3;4857;"6826";"14867";494;272;44;241
"Kevin Coleman";"MIA";"WR";22.8;13539;"13338";"17528";485;273;106;41
"Matt Hibner";"BAL";"TE";24.3;13542;"13324";"UNK";464;274;45;-128
"Isaiah Davis";"NYJ";"RB";24.4;11767;"11571";"16752";457;275;78;122
"Seth McGowan";"IND";"RB";24.7;13582;"13424";"17475";455;276;79;-31
"Xavier Legette";"CAR";"WR";25.4;11718;"11626";"16639";453;277;107;-139
"Dont'e Thornton";"LV";"WR";23.6;12706;"12541";"17087";447;278;108;2
"Jalen Royals";"KC";"WR";23.4;12671;"12505";"17086";443;279;109;-106
"Tez Johnson";"TB";"WR";24.1;12667;"12485";"17079";438;280;110;-66
"Rashod Bateman";"BAL";"WR";26.6;7410;"7571";"15293";426;281;111;-22
"Devin Neal";"NO";"RB";22.9;12618;"12476";"17046";421;282;80;-35
"Trevor Etienne";"CAR";"RB";22;12703;"12531";"17056";416;283;81;23
"Marquise Brown";"PHI";"WR";29.1;3950;"5848";"14105";412;284;112;97
"Mike Gesicki";"CIN";"TE";30.7;7291;"4993";"13672";402;285;46;-14
"Joe Mixon";"null";"RB";29.9;4578;"4018";"13131";395;286;82;64
"Tanner Koziol";"JAX";"TE";22.4;13614;"13408";"17644";394;287;47;84
"Malik Benson";"LV";"WR";23.7;13533;"13329";"17706";385;288;113;99
"Garrett Nussmeier";"KC";"QB";24.4;13558;"13404";"17465";379;289;47;1
"Brenen Thompson";"LAC";"WR";22.9;13431;"13380";"17529";369;290;114;-61
"Riley Leonard";"IND";"QB";23.8;12613;"12470";"17035";367;291;48;-63
"Marcus Mariota";"WAS";"QB";32.7;7818;"2307";"12141";356;292;49;2
"Tahj Brooks";"CIN";"RB";24.1;12688;"12543";"17058";352;293;83;-38
"Odell Beckham";"NYG";"WR";33.7;2245;"2078";"11679";348;294;115;-145
"Najee Harris";"null";"RB";28.3;7252;"7528";"15254";348;295;84;-102
"Chris Brooks";"GB";"RB";26.5;11653;"11370";"16387";347;296;85;12
"Joe Flacco";"CIN";"QB";41.5;2323;"19";"9064";343;297;50;41
"Quinn Ewers";"MIA";"QB";23.3;12648;"12500";"17034";331;298;51;53
"Michael Trigg";"DAL";"TE";24;13554;"13401";"17546";317;299;48;50
"George Holani";"SEA";"RB";26.5;12166;"12048";"16608";316;300;86;240
"Jameis Winston";"NYG";"QB";32.5;794;"2306";"12140";313;301;52;-119
"Ben Sinnott";"WAS";"TE";24;11746;"11596";"16644";308;302;49;56
"Malik Davis";"DAL";"RB";27.6;1310;"8800";"15738";303;303;87;215
"Christian Kirk";"SF";"WR";29.6;8090;"4950";"13633";299;304;116;-224
"Tyquan Thornton";"KC";"WR";25.9;5858;"8188";"15787";298;305;117;63
"Darnell Washington";"PIT";"TE";24.9;9923;"9479";"16216";295;306;50;32
"Brashard Smith";"KC";"RB";23.2;12591;"12455";"17049";294;307;88;24
"Joe Milton";"DAL";"QB";26.3;11772;"11557";"16585";289;308;53;-126
"Jack Endries";"CIN";"TE";22.3;13428;"13282";"17545";286;309;51;-18
"Deion Burks";"IND";"WR";23.5;13547;"13333";"17510";281;310;118;-22
"Keenan Allen";"null";"WR";34.2;1334;"1479";"11222";281;311;119;-3
"DeMario Douglas";"NE";"WR";25.6;9840;"9501";"16342";277;312;120;-49
"Marlin Klein";"HOU";"TE";23.8;13462;"13307";"17593";271;313;52;-16
"Colbie Young";"CIN";"WR";23.9;13771;"13477";"17542";270;314;121;103
"Will Kacmarek";"MIA";"TE";23.4;13620;"13434";"17605";266;315;53;-22
"Jarquez Hunter";"LAR";"RB";23.5;11707;"11569";"17064";264;316;89;-6
"Kendre Miller";"NO";"RB";24.1;9960;"9757";"16171";250;317;90;16
"Jaylin Lane";"WAS";"WR";24.2;12946;"12641";"17184";235;318;122;-29
"Cedric Tillman";"CLE";"WR";26.2;9904;"10444";"16191";235;319;123;-18
"Cole Payton";"PHI";"QB";23.7;13457;"13335";"17654";228;320;54;144
"Justice Hill";"BAL";"RB";28.6;5156;"5995";"14086";223;321;91;-6
"J'Mari Taylor";"JAX";"RB";24.3;13511;"13348";"17487";222;322;92;32
"Davis Mills";"HOU";"QB";27.7;1246;"7585";"15252";220;323;55;108
"Jalen Tolbert";"MIA";"WR";27.3;2144;"8117";"15788";220;324;124;-192
"Jeff Caldwell";"KC";"WR";23.3;13476;"13392";"17523";216;325;125;22
"Spencer Rattler";"NO";"QB";25.8;11719;"11562";"16586";212;326;56;31
"Noah Gray";"KC";"TE";27.2;865;"7828";"15337";207;327;54;30
"Devaughn Vele";"NO";"WR";28.6;11908;"11834";"16788";205;328;126;9
"Savion Williams";"GB";"WR";24.6;12602;"12482";"17096";202;329;127;129
"Sam Roush";"CHI";"TE";22.8;13540;"13322";"17549";201;330;55;31
"Jahan Dotson";"ATL";"WR";26.3;7169;"8119";"15755";201;331;128;-35
"Tyson Bagent";"CHI";"QB";26.1;11408;"11256";"16384";195;332;57;104
"Luke McCaffrey";"WAS";"WR";25.2;11788;"11650";"16635";194;333;129;70
"John Michael Gyllenborg";"KC";"TE";23.9;13440;"13342";"17710";192;334;56;64
"Andrei Iosivas";"CIN";"WR";26.7;9959;"10226";"16207";192;335;130;-3
"Tyler Huntley";"BAL";"QB";28.4;3004;"7083";"14789";174;336;58;44
"Trey Lance";"LAC";"QB";26.1;4875;"7610";"15240";167;337;59;27
"CJ Daniels";"LAR";"WR";24.5;13426;"13270";"17504";150;338;131;-60
"Darius Slayton";"NYG";"WR";29.5;6028;"6149";"14122";150;339;132;20
"Roman Hemby";"LV";"RB";23.9;13590;"13416";"17483";147;340;93;105
"Phil Mafah";"DAL";"RB";23.7;13156;"12738";"17063";147;341;94;88
"Darren Waller";"null";"TE";33.8;4485;"2505";"12263";144;342;57;144
"Emari Demercado";"KC";"RB";27.4;11170;"11199";"16385";136;343;95;80
"Gardner Minshew";"ARI";"QB";30.1;7783;"6011";"14067";136;344;60;-116
"Dawson Knox";"BUF";"TE";29.6;1787;"5906";"14143";129;345;58;-27
"Isaac Guerendo";"SF";"RB";26;11789;"11651";"16688";124;346;96;-78
"Roman Wilson";"PIT";"WR";25;11750;"11630";"16629";122;347;133;31
"Nick Chubb";"null";"RB";30.5;4188;"4988";"13610";122;348;97;-38
"Tyrod Taylor";"GB";"QB";36.9;4418;"827";"10413";119;349;61;8
"Audric Estime";"NO";"RB";22.8;11776;"11579";"16595";115;350;98;-22
"Erick All";"CIN";"TE";25.8;11761;"11592";"16645";113;351;59;113
"Kenny Pickett";"CAR";"QB";28.1;5730;"8160";"15692";111;352;62;111
"Tutu Atwell";"MIA";"WR";26.7;8432;"7562";"15301";110;353;134;110
"Dillon Gabriel";"CLE";"QB";25.5;12646;"12486";"17037";108;354;63;-18
"John Metchie";"CAR";"WR";26;3812;"8147";"15759";105;355;135;-64
"Treylon Burks";"WAS";"WR";26.3;2373;"8135";"15752";102;356;136;102
"Noah Fant";"NO";"TE";28.6;2677;"5857";"14137";101;357;60;-1
"Jahdae Walker";"CHI";"WR";24;12983;"13079";"17353";90;358;137;64
"Xavier Hutchinson";"HOU";"WR";26.1;9854;"10218";"16201";90;359;138;55
"Ty Johnson";"BUF";"RB";28.8;607;"6039";"14095";89;360;99;61
"Will Shipley";"PHI";"RB";23.8;11743;"11577";"16601";89;361;100;-85
"Devin Singletary";"NYG";"RB";28.8;8347;"6130";"14080";88;362;101;-53
"Olamide Zaccheaus";"ATL";"WR";28.9;205;"6271";"14592";86;363;139;20
"Calvin Austin";"NYG";"WR";27.3;4996;"8125";"15777";85;364;140;-140
"Will Levis";"TEN";"QB";27;9901;"9999";"16149";80;365;64;-95
"Samaje Perine";"CIN";"RB";30.8;3463;"4147";"13133";75;366;102;32
"Michael Carter";"TEN";"RB";27.2;4611;"7607";"15258";73;367;103;-45
"Mack Hollins";"NE";"WR";32.8;3596;"4177";"13289";62;368;141;47
"Zach Ertz";"null";"TE";35.6;324;"1339";"11247";61;369;61;11
"KaVontae Turpin";"DAL";"WR";29.9;4302;"8917";"15981";60;370;142;-99
"Kendrick Bourne";"ARI";"WR";30.9;1449;"4454";"13418";59;371;143;59
"Damien Martinez";"GB";"RB";22.4;12633;"12462";"17054";57;372;104;-101
"Zonovan Knight";"ARI";"RB";25.2;3732;"8122";"15727";55;373;105;55
"Ja'Lynn Polk";"NO";"WR";24.2;11700;"11619";"16631";55;374;144;-95
"Konata Mumpfield";"LAR";"WR";23.7;12826;"12718";"17254";54;375;145;9
"Roschon Johnson";"CHI";"RB";25.4;9926;"10235";"16175";54;376;106;6
"Jerome Ford";"WAS";"RB";26.8;8319;"8143";"15713";54;377;107;-61
"Jarrett Stidham";"DEN";"QB";29.9;7992;"6136";"14063";53;378;65;53
"Jawhar Jordan";"HOU";"RB";26.9;11705;"11588";"16773";51;379;108;51
"Joe Royer";"CLE";"TE";24.3;13625;"13435";"17566";48;380;62;-25
"Tommy Tremble";"CAR";"TE";26.1;7388;"7694";"15332";47;381;63;29
"Jam Miller";"NE";"RB";"null";13555;"13403";"17486";46;382;109;-37
"KeAndre Lambert-Smith";"LAC";"WR";24.7;13019;"12670";"17205";45;383;146;-130
"Jordan Whittington";"LAR";"WR";25.7;11721;"11623";"16633";45;384;147;45
"Kareem Hunt";"null";"RB";30.9;6621;"4098";"13138";43;385;110;-9
"Jonnu Smith";"null";"TE";30.9;4185;"4144";"13193";41;386;64;-29
"Luke Musgrave";"GB";"TE";25.8;9856;"9481";"16215";33;387;65;-118
"Tai Felton";"MIN";"WR";23.3;12604;"12496";"17097";30;388;148;-1
"Joshua Palmer";"BUF";"WR";26.8;2308;"7670";"15319";30;389;149;30
"Malachi Corley";"CLE";"WR";24.3;11744;"11617";"16636";28;390;150;-19
"Xavier Restrepo";"TEN";"WR";24.2;12649;"12520";"17077";26;391;151;26
"Jalin Hyatt";"NYG";"WR";24.8;9851;"9497";"16183";25;392;152;25
"Efton Chism";"NE";"WR";24.7;12676;"12542";"17269";22;393;153;-51
"Austin Ekeler";"null";"RB";31.1;1332;"4663";"13404";21;394;111;21
"Rasheen Ali";"BAL";"RB";25.4;11727;"11570";"16746";20;395;112;20
"Kalel Mullings";"TEN";"RB";23.7;12658;"12516";"17050";18;396;113;-5
"Adam Trautman";"DEN";"TE";29.4;1119;"6869";"14870";14;397;66;14
"Darius Cooper";"PHI";"WR";24.6;13020;"13150";"17333";12;398;154;12
"Theo Wease";"MIA";"WR";25;12828;"12860";"17088";2;399;155;-3